descripcion,codigo
ADMINISTRACION DE INFRAESTRUCTURAS,TI17
ADMINISTRACION DE INFRAESTRUCTURAS II,TI32
ADMINISTRACION DE OPERACIONES,1915
ADMINISTRACION GENERAL PARA INGENIEROS,1944
ADMINISTRACION Y SEGURIDAD DE SISTEMAS,1918
AGRIMENSURA LEGAL 1,1910
AGRIMENSURA LEGAL 2,1913
AGRIMENSURA LEGAL 3,1817
AGRIMENSURA LEGAL 4,2014
ALGEBRA LINEAL NUMERICA,5914
ALGORITMOS DE APROXIMACIÓN,1641
ALGORITMOS EVOLUTIVOS,1637
ALGORITMOS EVOLUTIVOS,PA396
ALIMENTOS VIVOS Y BEBIDAS FERMENTADAS: SABOR Y SALUD,PA674
ALIMENTOS Y PROCESO SALUD- ENFERMEDAD,PA465
ALISTAMIENTO NAVAL,2601
"AMBIENTE, SOCIEDAD Y DESARROLLO",PE282
ANALISIS DE ALIMENTOS AVANZADO (TEORICO),PQ04
ANALISIS DE DATOS EN REDES,PC109
ANALISIS DE DATOS EN REDES,PA628
ANALISIS DE DATOS EN REDES COMPLEJAS,1634
ANALISIS DE DATOS INTERRELACIONADOS,PA522
ANALISIS DE REDES DE TRANSPORTE URBANO,PC01
ANALISIS DE TEXTOS,PA450
ANALISIS EN SERIES TEMPORALES,PA530
ANALISIS ESPACIAL CON MODELOS DIGITALES DE ELEVACION,1881
ANALISIS ESTADISTICO DE DATOS CLIMATICOS,PA081
ANALISIS ESTADISTICO DE EVENTOS EXTREMOS,PM09
ANALISIS MULTIDIMENSIONAL DE GRANDES VOLUMENES DE DATOS,PA523
ANALISIS MULTIVARIADO COMPUTACIONAL,PA441
ANALISIS NO LINEAL DE ESTRUCTURAS,PA614
ANALISIS SEMANTICO DE LENGUAJE NATURAL,1864
ANALISIS SEMANTICO DE LENGUAJE NATURAL,PA573
ANALISIS Y CONTROL DE SISTEMAS NO LINEALES,5913
ANALISIS Y CONTROL DE SISTEMAS NO LINEALES,PE69
ANALISIS Y DISEÑO DE ALGORIT.DISTRIB.EN REDES,1440
ANALITICA DE DATOS SOCIAL,PA577
ANTENAS Y PROPAGACION,5817
"ANÁLISIS 3D DEL MOV. DE LA RODILLA PARA REHAB., EVAL. PERIOP. Y MED. DEL DEPORTE",PE211
APLICACION PRACTICA DE DISEÑO Y ENSAYOS DE PROTECCION DE LOS SISTEMAS ELECTRICOS,PA464
APLICACIONES DE TEORIA DE LA INFORMACION AL PROC. DE IMAG.,1438
APLICACIONES DEL ALGEBRA LINEAL,1872
APRENDIZAJE AUTOMATICO,1866
APRENDIZAJE AUTOMATICO,PA370
APRENDIZAJE AUTOMATICO APLICADO,PA451
APRENDIZAJE AUTOMATICO PARA DATOS EN GRAFOS,PM110
APRENDIZAJE AUTOMÁTICO PARA DATOS EN GRAFOS,PE267
APRENDIZAJE POR RECOMPENSAS,PA602
APRENDIZAJE PROFUNDO PARA EL ANALISIS DE IMAGENES BIOMEDICAS,PA601
APRENDIZAJE PROFUNDO PARA EL ANALISIS DE IMAGENES BIOMEDICAS,5719
APRENDIZAJE PROFUNDO PARA VISION ARTIFICIAL,PA596
APRENDIZAJE PROFUNDO PARA VISION ARTIFICIAL,1463
ARGUMENTACION Y RETORICA,PE222
ARQUITECTURA DE COMPUTADORAS,1443
ARQUITECTURA DE COMPUTADORAS,TI05
ARQUITECTURA DE SOFTWARE,PC230
ARQUITECTURA DE SOFTWARE Y TECNOLOGIAS ASOCIADAS,PA381
ASPECTOS AVANZ. DE REDES DE COMPUTADORAS,1448
ASPECTOS NORMATIVOS QUE REGULAN LAS SERVIDUMBRES,EP11
ASTRONOMIA GEODESICA,1612
AUTOMATAS PROGRAMABLES,TIM74
AVALUACIONES 1,1614
AVALUACIONES 1,1894
AVALUACIONES 2,1618
AVALUACIONES 3,2023
BASES DE DATOS DE GRAFOS,PC168
BASES DE DATOS I,TI09
BASES DE DATOS II,TI13
BASES DE DATOS NO RELACIONALES,1949
BASES DE DATOS NO RELACIONALES,PC107
BASES DE DATOS NO RELACIONALES,PC02
BASES DE DATOS PARA INGENIERÍA,1892
BASES DE DATOS Y SISTEMAS DE INFORMACION,PC205
BASES DE DATOS Y SISTEMAS DE INFORMACION,1953
BATERIAS APLICADAS A LA MOVILIDAD ELECTRICA,Q201
BATERÍAS APLICADAS A LA MOVILIDAD ELÉCTRICA,PQ73
BIM (BULDING INFORMATION MODELIN) INTRODUCTORIO PARA INGENIERIA,PA572
BIODIESEL,PM74
BIORREFINERIA- COMBUSTIBLES Y PROD. QCOS. A PARTIR DE BIOMASA VIA FERMENTACION,PA624
CALCULO DIF. E INTEGRAL EN UNA VARIABLE,1061
CALCULO DIF. E INTEGRAL EN VARIAS VARIABLES,1062
CALCULO VECTORIAL,1063
CALIDAD DE AGUAS,1854
CALIDAD DE DATOS E INFORMACION,1802
CALIDAD DE DATOS E INFORMACIÓN,PC07
CALIDAD DE DATOS E INFORMACIÓN,1890
CALIDAD DE ENERGIA: CONCEPTOS Y HERRAMIENTAS PARA SU ABORDAJE,PA159
CALIDAD E INTEGRACION DE DATOS,PA469
CAMBIO ORGANIZACIONAL,PG05
CAMINOS Y CALLES 1,2231
CAMINOS Y CALLES 2,2232
CAPTURA DE DATOS POR PERCEPCION REMOTA,TCI24
CARTOGRAFIA MATEMATICA,1420
CARTOGRAFIA MATEMATICA,TCI13
CARTOGRAFIA TEMATICA,1882
CATASTRO,1619
CENTRO DE ENSAYOS DE SOFTWARE: CALIDAD DE CODIGO Y TESTING,PC162
CENTRO DE ENSAYOS DE SOFTWARE: CALIDAD DE DATOS EN EL TESTING,PC163
CENTRO DE ENSAYOS DE SOFTWARE: DOCUMENTACION Y REPORTES,PC149
CENTRO DE ENSAYOS DE SOFTWARE: GEST DE LA CALIDAD Y TESTING EN ENTORN DEVSECOPS,EP39
CENTRO DE ENSAYOS DE SOFTWARE: INFORMACION PARA LA TOMA DE DECISIONES,PC164
CENTRO DE ENSAYOS DE SOFTWARE: INTR. A LA AUTOMATIZACION DEL TESTING FUNCIONAL,PA684
CENTRO DE ENSAYOS DE SOFTWARE: INTROD. A LA AUTOMATIZACION DEL TESTING FUNCIONAL,PC138
CENTRO DE ENSAYOS DE SOFTWARE: INTRODUCCION A LA GESTION DE INCIDENTES,PA690
CENTRO DE ENSAYOS DE SOFTWARE: INTRODUCCION AL TESTING DE PERFORMANCE,PC136
CENTRO DE ENSAYOS DE SOFTWARE: INTRODUCCION AL TESTING DE SOFTWARE,PA685
CENTRO DE ENSAYOS DE SOFTWARE: INTRODUCCION AL TESTING FUNCIONAL,PA686
CENTRO DE ENSAYOS DE SOFTWARE: INTRODUCCIÓN A LAS BASES DE DATOS PARA TESTERS,PA635
CENTRO DE ENSAYOS DE SOFTWARE: LIDERAZGO Y DIRECCION DE EQUIPOS EN LAS ORGANIZAC,PC165
CENTRO DE ENSAYOS DE SOFTWARE: METODOLOGIA Y GESTION DEL TESTING 2,PC166
CENTRO DE ENSAYOS DE SOFTWARE: METODOLOGIA Y GESTION DEL TESTING I,PC233
CENTRO DE ENSAYOS DE SOFTWARE: PROYECTO EN TESTING DE SOFTWARE,PC158
CENTRO DE ENSAYOS DE SOFTWARE: SEGURIDAD INFORMATICA Y TESTING,PC167
CENTRO DE ENSAYOS DE SOFTWARE: TALLER DE AUTOMATIZACION DEL TESTING FUNCIONAL,PC201
CENTRO DE ENSAYOS DE SOFTWARE: TALLER DE TESTING DE PERFORMANCE,PC137
CENTRO DE ENSAYOS DE SOFTWARE: TALLER DE TESTING FUNCIONAL,PA689
CENTRO DE ENSAYOS DE SOFTWARE: TECNICAS DE TESTING FUNCIONAL 1,PA687
CENTRO DE ENSAYOS DE SOFTWARE: TECNICAS DE TESTING FUNCIONAL 2,PC139
CENTRO DE ENSAYOS DE SOFTWARE: TESTING DE ACCESIBILIDAD WEB,EP9
CENTRO DE ENSAYOS DE SOFTWARE: TESTING DE SERVICIOS WEB,PC135
CENTRO DE ENSAYOS DE SOFTWARE: TESTING DE USABILIDAD,EP18
CENTRO DE ENSAYOS DE SOFTWARE: TESTING EN METODOLOGIAS AGILES,PC159
CIENCIA DE DATOS Y LENGUAJE NATURAL,PC153
CIENCIA DE DATOS Y LENGUAJE NATURAL,1880
"CIENCIA, TECNOLOGIA, INNOVACION Y SOCIEDAD (CTI Y SOCIEDAD)",PA585
CIRCUITOS DE RADIOFRECUENCIA,5713
CIUDADANIA EN ENTORNOS DIGITALES,1270
CIUDADANIA EN ENTORNOS DIGITALES,1271
CODIGOS PARA CORRECCION DE ERRORES,2415
COGENERACION,PM75
COMBUSTION DE BIOMASA,PA353
COMPETENCIAS ROBOTICAS-IEEE SEK,TI45
COMPLEJIDAD COMPUTACIONAL,1355
COMPORTAMIENTO MEC. DE MATERIALES,TIM52
COMPORTAMIENTO MECANICO DE MATERIALES 1,1764
COMPORTAMIENTO MECANICO DE MATERIALES 2,1765
COMPRESION DE DATOS SIN PERDIDA,1352
COMPUESTOS BIOACTIVOS Y ALIMENTOS FUNCIONALES. DES. Y APLIC. EN LA IND. ALIMENT.,PA755
COMPUT.DE PR.GRAL.EN UNID.DE PROC.GRAF.,1447
COMPUTACION 1,1411
COMPUTACION CIENTIFICA EN JULIA,PA729
COMPUTACION DE ALTA PERFORMANCE,1434
COMPUTACION DE ALTA PERFORMANCE,PC79
COMPUTACION DE PROPOSITO GENERAL EN UNIDADES DE PROCESAMIENTO GRAFICO,PA308
COMPUTACION EN LA NUBE CON VIRTUALIZACION LIVIANA (KUBERNETES),PC202
COMPUTACION GRAFICA AVANZADA,1349
COMUNICACION ORAL Y ESCRITA (ACT.COMPL3),TI15
COMUNICACIONES DIGITALES,1462
COMUNICACIONES INALAMBRICAS,5848
COMUNICACIONES INALAMBRICAS,PE385
CONCEPTOS Y HERRAMIENTAS PARA LA RESOLUC. DE PROBLEMAS DE OPTIMIZ. MULTIOBJETIVO,PC238
CONCEPTOS Y HERRAMIENTAS PARA LA RESOLUCION DE PROB. DE OPTIMIZ. MULTIOBJETIVO,PC203
CONFIABILIDAD DE SISTEMAS ELECTRICOS DE POTENCIA,PA226
CONFIABILIDAD ESTRUCTURAL DE COMPONENTES MECÁNICOS CON DAÑO,PA639
CONFIABILIDAD ESTRUCTURAL DE COMPONENTES MECÁNICOS CON DAÑO,PA555
CONST.FORMAL DE PROGR.EN TEORIA DE TIPOS,1347
CONTABILIDAD (ACT.COMPL.4),TI14
CONTAMINACION ATMOSFERICA,PA44
"CONTAMINANTES EMERGENTES: PROBLEMAS, SOLUCIONES Y DESARROLLOS FUTUROS",PA511
CONTROL DE CALIDAD,1510
CONTROL DE CALIDAD,TIM61
CONTROL DE CALIDAD DEL HORMIGON ENDURECIDO,PA616
CONTROL DE LA CORROSION,Q29
CONTROL DE RUIDO,PA365
CONTROL NUMERICO COMPUTARIZADO 1,TIM56
CONTROL NUMERICO COMPUTARIZADO 2,TIM57
CONTROLADORES LOGICOS PROGRAMABLES,5920
CONTROLADORES LOGICOS PROGRAMABLES (PLCS),EP22
CONVERSION ELECTROQUIMICA DE ENERGIA,PA309
COSTOS,2240
COSTOS PARA INGENIERIA,TIM60
COSTOS PARA INGENIERIA,1922
COSTOS PARA INGENIERIA DE SOFTWARE,PE243
COSTOS PARA INGENIERIA DE SOFTWARE,PC011
CRIPTOGRAFIA,1545
CRIPTOGRAFIA APLICADA,PC207
"CURSO HISPANOAM. DE HIDR. SUBT.: MOD. 1 (ELEM. DE GEO., EL. DE HIDR. E HIDRO., B",PA700
"CURSO HISPANOAM. DE HIDR. SUBT.: MOD. 10 (PLAN., GEST. Y OPT. DE LOS REC. HIDRIC",PA709
CURSO HISPANOAM. DE HIDR. SUBT.: MOD. 2 (HIDRAULICA DE ACUIFEROS),PA701
CURSO HISPANOAM. DE HIDR. SUBT.: MOD. 3 (HIDRAULICA DE CAPTACIONES DE AGUA),PA702
CURSO HISPANOAM. DE HIDR. SUBT.: MOD. 4 (EXPLORACION HIDROGEOLOGICA),PA703
CURSO HISPANOAM. DE HIDR. SUBT.: MOD. 5 (HIDROQUIMICA),PA704
CURSO HISPANOAM. DE HIDR. SUBT.: MOD. 6 (HIDROLOGIA ISOTOPICA),PA705
"CURSO HISPANOAM. DE HIDR. SUBT.: MOD. 7 (TRANSP. DE SOL., TRAZ. Y PROT. DE ACUIF",PA706
CURSO HISPANOAM. DE HIDR. SUBT.: MOD. 8 (CART. HIDROG. Y GEOEST. APLIC. A LA HID,PA707
CURSO HISPANOAM. DE HIDR. SUBT.: MOD. 9 (MODELOS DE SIMULACION DE ACUIFEROS),PA708
CÁLCULO Y AJUSTE DE LAS OBSERVACIONES,1895
DEFORMACIONES DIFERIDAS EN ESTRUCTURAS DE HORMIGON,PA357
DERECHO AMBIENTAL,PA588
DESARR.DE APLIC.BASAD.EN TECNOL.GENEXUS,TI22
DESARROLLO DE SITIOS WEB CON PHP,TI23
DESINFECCIÓN DE AGUAS,PA74
DIDACTICA DE ALGORIT.Y ESTRUCT.DE DATOS,1353
"DIDACTICA DE ALGORITMOS, ESTRUCTURAS DE DATOS Y PROGRAMAS",PC128
DIGITALIZACION Y CODIFICACION MULTIMEDIA,5864
DINAMICA DE ESTRUCTURAS,PES3
DINAMICA DE FLUIDOS REACTIVOS COMPUTACIONAL,PIM02
DINAMICA DE MAQUINAS Y VIBRACION,1718
DINAMICA Y CONTROL DE PROCESOS,Q94
DINÁMICA DE ESTRUCTURAS,PES8
"DINÁMICA DE INTERFACES: DISPERSIÓN, FLOCULACIÓN Y FLOTACIÓN",PA645
DISEÑO ASISTIDO POR COMPUTADOR,TIM55
DISEÑO CATASTRAL,2025
DISEÑO DE CIRCUITOS INTEGRADOS,5708
DISEÑO DE CIRCUITOS PARA INSTRUMENTACION ELECTRONICA,PA695
DISEÑO DE EXPERIMENTOS PARA LA INVESTIGACION,PQ06
DISEÑO DE PROCESOS QUIMICOS,Q196
DISEÑO DE PROCESOS QUIMICOS,Q197
DISEÑO DE REDES DE COND.EN ING.SANITARIA,1852
DISEÑO DE REDES INALAMBRICAS DE CLASE EMPRESARIAL,PA242
DISEÑO DE REDES INALÁMBRICAS DE CLASE EMPRESARIAL,5859
DISEÑO DE SISTEMAS MEDICOS IMPLANTABLES ACTIVOS,5714
DISEÑO DE SISTEMAS MEDICOS IMPLANTABLES ACTIVOS,5724
DISEÑO DE TRANSFORMADORES DE DISTRIBUCION Y POTENCIA,PE119
DISEÑO HIDROLOGICO,2399
DISEÑO LOGICO,1512
DISEÑO LOGICO 2,PE106
DISEÑO LOGICO 2,1534
DISEÑO TOPOLOGICO DE REDES,1458
DISEÑO Y CALCULO ESTRUCTURAL CON MADERA SEGUN EL METODO DE LOS ESTADOS LIMITE,PA617
DISEÑO Y MONTAJE DE LAS INDUSTRIAS DE PROCESOS,1219
DISEÑO Y OP DE SIST ANAEROBIOS PARA EL TTO DE EFLUENTES Y RESIDUOS SOLIDOS,PE354
DISEÑO Y OPERAC. DE SIS. AN. PARA EL TRAT. DE EFL. Y RES. SOL. CON OB. DE BIOGAS,AC7
DISEÑO ÓPTIMO DE EXPERIMENTOS Y ESTIMACIÓN DE PARÁMETROS,PQ71
"DISEÑO, CONSTRUCCIÓN Y CONTROL DEL HORMIGÓN CON FIBRA",PI201
ECONOMIA,1224
ECONOMIA CIRCULAR,PA562
ECONOMIA Y MERCADO DE PULPA DE CELULOSA Y PAPEL,PCP03
ECONOMÍA (AREA),1224A
ECONOMÍA DE LA ENERGÍA: HERRAMIENTA PARA EL ANÁLISIS DE LA POLÍTICA ENERGÉTICA,PEN7
EDICION DE TESIS Y ARTICULOS USANDO LATEX,PA481
EDICIÓN DE TESIS Y ARTÍCULOS USANDO LATEX,PA641
EFICIENCIA ENERGETICA,PA110
EJERCICIOS DE INGENIERIA SANITARIA,2309
EL COMPLEJO FORESTAL EN URUGUAY,PCP01
EL HIDROGENO COMO VECTOR ENERGETICO,PE480
ELASTICIDAD,2366
ELASTICIDAD FINITA,PE322
ELECTROMAGNETISMO,1128
ELECTRONICA AVANZADA 1,5716
ELECTRONICA AVANZADA 2,5717
ELECTRONICA DE POTENCIA,5609
ELECTRONICA FUNDAMENTAL,5715
ELECTROTECNICA,5850
ELECTROTECNICA I,2108
ELECTROTECNICA II,2109
ELEMENTOS DE AERODINAMICA Y AEROELASTICIDAD DE ESTRUCTURAS,PA326
ELEMENTOS DE GESTION LOGISTICA,2244
ELEMENTOS DE INGENIERIA AMBIENTAL,2256
ELEMENTOS DE MAQUINAS,TIM53
ELEMENTOS DE MAQUINAS,1720
ELEMENTOS DE MECANICA DE LOS FLUIDOS,1805
ELEMENTOS DE TOPOGRAFIA,2230
ELEMENTOS ESTRUCTURALES ELASTICOS,PA623
EMULSIONES EN LA INDUSTRIA ALIMENTARIA,PA606
EMULSIONES EN LA INDUSTRIA ALIMENTARIA,PA010
ENERGIA 1- COMBUSTION,1850
ENERGIA 2:GEN ENERG PLANTAS VAPOR Y GAS,2394
ENERGIA APLICADA A LA INDUSTRIA,Q88
ENERGIA EOLICA,PA232
ENERGIA SOLAR FOTOVOLTAICA,PE407
ENERGIA SOLAR TERMICA,PA350
ENFOQUE DE PULSOS PARA SOLUCION DE PROBLEMAS DE CAMINOS MAS CORTOS CON RESTRICCI,PA582
ENSAYOS ELECTRICOS Y EQUIPAMIENTOS DE MEDIA TENSION,PA395
ENSAYOS ELECTRICOS Y EQUIPOS DE MEDIA TENSION,5519
ENSAYOS NO DESTRUCTIVOS,TIM59
ENVASES POLIMERICOS PARA LA IND. ALIMENTICIA,Q106
ESTABILIDAD DE LOS SIST.ELEC.DE POTENCIA,2314
ESTABILIZACION DE SUELOS,PES14
ESTABILIZACION DE SUELOS,AC14
ESTADISTICA APLICADA EN INGENIERIA HIDRAULICA Y AMBIENTAL,PA598
ESTADISTICA MULTIVARIADA COMPUTACIONAL,PM60
ESTIMACION NUMERICA MONTE CARLO,PA63
ESTIMACION Y PREDICCION EN SERIES TEMPORALES,5849
ESTIMACIÓN NUMÉRICA MONTE CARLO,PC06
ESTIMACIÓN Y PREDICCIÓN EN SERIES TEMPORALES,PE030
ESTRATEGIAS DE REDUCCION DE AZUCARES Y GRASAS EN ALIMENTOS,PA673
ESTRUCTURA Y FUNCIONAMIENTO DE ECOSISTEMAS,PA384
ESTRUCTURA Y QUIMICA DE LA MADERA,PA683
ESTRUCTURAS DE ACERO,2393
ESTRUCTURAS DE BUQUES,2600
ESTRUCTURAS DE DATOS Y ALGORITMOS,TI06
ESTRUCTURAS DE MADERA,2384
ESTRUCTURAS LAMINARES,PA676
ESTRUCTURAS LAMINARES,1878
ESTRUCTURAS LAMINARES,PES7
ESTUDIO DEL TRABAJO,TIM63
EVALUACION DE IMPACTO AMBIENTAL,PA234
EVALUACION DEL IMPACTO AMBIENTAL,PA04
EVALUACION ECON.Y FINAN.DE PROY.DE INV.,2039
EVALUACION SENSORIAL APLICADA AL DESARROLLO DE PRODUCTOS,PA610
EVOLUCION DE SOFTWARE,PA453
EXPERIMENTANDO CON METODOS AGILES DE SOFTWARE,PA569
FENOMENOS DE TRANSPORTE EN ING. DE PROCESOS,Q22
FILOSOFIA Y METODOLOGIA LEAN EN LA PRACTICA ACTUAL,PG86
FISICA 1,1151
FISICA 1,TIM30
FISICA 2,TIM31
FISICA 2,1152
FISICA 3,1153
FISICA EXPERIMENTAL 1,1154
FISICA EXPERIMENTAL 2,1155
FISICA TERMICA,1123
FISICOQUIMICA DE SISTEMAS LIPIDICOS,PA604
FISICOQUIMICA DE SISTEMAS LIPIDICOS - CURSO TEORICO,PA128
FISIOLOGÍA CUANTITATIVA,LIB38
FLUIDODINAMICA,Q66
FOTOGRAMETRIA,1858
FUNCIONES DE VARIABLE COMPLEJA,1066
FUND. DE LA PROD. DE CELULOSA Y PAPEL,Q28
FUNDAMENTOS CELULARES DE CIRCUITOS NEURALES,1235
FUNDAMENTOS DE APRENDIZAJE AUTOMATICO Y RECONOCIMIENTO DE PATRONES,5852
FUNDAMENTOS DE BASES DE DATOS,1911
FUNDAMENTOS DE CRIPTOGRAFIA,PE299
FUNDAMENTOS DE GASES COMBUSTIBLES,PA378
FUNDAMENTOS DE GENERACION HIDROELECTRICA,PE156
FUNDAMENTOS DE INFORMATICA URBANA: ANALISIS Y PROCESAMIENTO DE DATOS,PA338
FUNDAMENTOS DE INGENIERIA DE SOFTWARE,3334
FUNDAMENTOS DE LA ROBOTICA AUTONOMA,1857
FUNDAMENTOS DE LA ROBÓTICA AUTÓNOMA,TI42
FUNDAMENTOS DE LA WEB SEMANTICA,1942
FUNDAMENTOS DE LA WEB SEMANTICA,PA631
FUNDAMENTOS DE OPTIMIZACION,1871
FUNDAMENTOS DE PROGRAMACION ENTERA,1631
FUNDAMENTOS DE ROBOTICA INDUSTRIAL,1788
FUNDAMENTOS DE SEGURIDAD INFORMATICA,5916
FUNDAMENTOS DEL RECURSO SOLAR,PE035
FUNDAMENTOS DEL RECURSO SOLAR,PA580
FUNDAMENTOS DEL SECTOR ENERGETICO,PE339
FUNDAMENTOS Y HERRAMIENTAS PARA MINERIA DE PROCESOS DE NEGOCIO,PA630
GENERACION EOLICA,PE341
GENERACIÓN ALEATORIA EN CRIPTOGRAFIA,PA553
GENERADORES DE VAPOR,TIM44
GENERADORES DE VAPOR,1815
GENERADORES DE VAPOR,1815B
GEODESIA 1,1418
GEODESIA 2,1422
GEODESIA 3,1419
GEODESIA GEOMETRICA,1464
GEOESTADISTICA APLICADA,2247
GEOFISICA,1421
GEOLOGIA DE INGENIERIA,2206
GEOMETRIA Y ALGEBRA LINEAL 1,1030
GEOMETRIA Y ALGEBRA LINEAL 1 INTERACTIVA,GAL1P
GEOMETRIA Y ALGEBRA LINEAL 2,1031
GEOTERMIA,PA558
GESTION DE CALIDAD,1954
GESTION DE CALIDAD,1940
GESTION DE CALIDAD AMBIENTAL,1855
GESTION DE LA INFORMACION,PA120
GESTION DE LA INNOVACION EN LAS ORGANIZACIONES,PG19
GESTION DE LA SEGURIDAD DE LA INFORMACION,PC147
GESTION DE LABORATORIOS,Q65
GESTION DE LOS PROCES.  EN LA INDUSTRIA,Q624
GESTION DE LOS RRHH. EN LA PROD. DE BIENES Y SERV.,1539
GESTION DE MANTENIMIENTO,1920
GESTION DE TECNOLOGIAS MAS LIMPIAS,PE225
GESTION DEL MANTENIMIENTO,TIM62
GESTION INTEGRADA DE REDES Y SERV. DE TELEC.,5815
GESTION INTEGRADA DE REDES Y SERVICIOS DE TELECOMUNICACIONES,PT3
GESTION INTEGRADA DE REDES Y SERVICIOS DE TELECOMUNICACIONES,EP29
GESTIÓN DE CALIDAD DE DATOS PARA GOBIERNO DIGITAL,PC240
GESTIÓN DE LA INNOVACIÓN EN LAS ORGANIZACIONES,PG33
GESTIÓN INTEGRAL DE RESIDUOS SÓLIDOS URBANOS,PA180
GOBERNANZA Y GESTION ESTRATEGICA DE LA SEGURIDAD DE LA INFORMACION,PC131
GRAMATICAS FORMALES PARA EL LENG.NATURAL,1835
GUIAS DE CARGA DE TRANSFORMADORES,PE121
GUÍAS DE CARGA DE TRANSFORMADORES,PE451
HACIA UNA GESTION SOSTENIBLE DEL AGUA Y EL AMBIENTE,PA589
HERRAMIENTAS DE REPRESENTACION TIEMPO - FRECUENCIA,PA279
HERRAMIENTAS P/EL DISEÑO Y ANALISIS DE REDES DE TRANSP.URB DE PASAJEROS,3207
HIDRAULICA DE CONDUCCIONES A SUPERFICIE LIBRE,PA43
HIDRAULICA FLUVIAL Y MARITIMA,2397
HIDRAULICA MARITIMA AVANZADA,PA675
HIDRAULICA Y NEUMATICA,TIM75
HIDRODINAMICA NAVAL,2320
HIDROGENO VERDE: PRODUCCIÓN Y USOS,Q202
HIDROGENO: VECTOR ENERGETICO DEL PRESENTE Y FUTURO,PA600
HIDROLOGIA APLICADA A LA INGENIERIA AMBIENTAL,PA284
HIDROLOGIA AVANZADA II,1847
HIDROLOGIA E HIDRAULICA APLICADAS,1833
HIDROLOGÍA APLICADA A LA INGENIERÍA AMBIENTAL,PA106
HIDRÓGENO VERDE: PRODUCCIÓN Y USOS,PQ74
HIGIENE Y SERV. DE PLANTAS PROC. DE ALIMENTOS,A65
HORMIGON ESTRUCTURAL 1,2382
HORMIGON ESTRUCTURAL 2,2395
HORMIGON ESTRUCTURAL 3,2419
HORMIGON PRETENSADO,2355
HORMIGONES ESPECIALES,PE139
IAIA - INTELIGENCIA ARTIFICIAL PARA INCLUSION Y ACCESIBILIDAD,PC206
"IMAGENES MEDICAS: ADQUISICION, INSTRUMENTACION Y GESTION",5707
"IMAGENES MEDICAS:ADQUISICION, INSTRUMENTACION Y GESTION",PE127
IMAGINERIA OPTICA COMPUTACIONAL,PA691
INFERENCIA ESTADÍSTICA APLICADA A AVALÚOS INMOBILIARIOS,EP13
INFORMÁTICA EN BIOLOGÍA Y MEDICINA,LIB36
INGENIERIA AMBIENTAL PARA LA INDUSTRIA DE PROCESOS,Q101
INGENIERIA BIOMEDICA,5710
INGENIERIA BIOQUIMICA,Q81
INGENIERIA CLINICA,5718
INGENIERIA DE BIOPROCESOS,PA625
INGENIERIA DE LAS REACCIONES QUIMICAS 1,Q69
INGENIERIA DE LAS REACCIONES QUIMICAS 2,Q70
INGENIERIA DE ONTOLOGIAS,2418
INGENIERIA DE REQUISITOS,PA524
INGENIERIA DE REQUISITOS,PC126
INGENIERIA DE SOFTWARE,TI18
INGENIERIA DE SOFTWARE BASADA EN EVIDENCIAS,2417
INGENIERIA DE SOFTWARE EMPIRICA,PA570
INGENIERIA DE SOFTWARE EMPIRICA,1773
INGENIERIA Y DESARROLLO,PA136
INGENIERÍA DE SOFTWARE AVANZADA,PC010
INGLES CONVERSACIONAL (ACT.COMPL.2),TI10
INGLES TECNICO,TIM81
INGLES TECNICO 1 (ACT.COMPL.1),TI04
INICIACION A LA PROD. AUDIOVIS. Y MULTIMEDIA,2040
INICIACION AL ENTORNO DE PROGRAMACION R PARA INGENIERIA (IRPI),1268
INNOVACION EN LA SOCIEDAD URUGUAYA,PG17
INSPECCIÓN DE GENERADORES DE VAPOR,AC36
INSTALACIONES ELECTRICAS,5507
INSTALACIONES ELECTRICAS,TIM73
INSTALACIONES GENERALES DE GASES COMBUSTIBLES,TIM46
INSTRUMENTACION INDUSTRIAL,2706
INSTRUMENTACION Y CONTROL,TIM72
INT. A BASES DE DATOS,2413
INT. A LA CIENCIA DE LOS MATERIALES,TIM50
INT. A LA CIENCIA DE MATERIALES,1723
INT. A LA COMBUSTION,TIM47
INT. A LA COMPUTACION GRAFICA,1316
INT. A LA CONSTRUCCION,1715
INT. A LA CONSTRUCCION,1715B
INT. A LA CORROSION DEL HORMIGON ARMADO,2375
INT. A LA ELECTROTECNIA,TIM70
INT. A LA EVAL.DE LA CAL.DE LA INF.GEOGR.,TCI25
INT. A LA EVALUACION Y GESTION AMBIENTAL,2253
INT. A LA FISICA MODERNA,1131
INT. A LA GEODESIA Y SIST. DE POS. GLOBAL,TCI11
INT. A LA ING. QUIMICA Y DE PROCESOS,Q59
INT. A LA INGENIERIA BIOQUIMICA,Q77C
INT. A LA INGENIERIA DE ALIMENTOS,Q49
INT. A LA INGENIERIA DE PROCESOS,Q59B
INT. A LA INGENIERIA DE PRODUCCION,2416
INT. A LA INGENIERIA DE SOFTWARE,1716
INT. A LA INGENIERIA QUIMICA,Q102
INT. A LA INGENIERIA SANITARIA,2315
INT. A LA INVESTIGACION DE OPERACIONES,1650
INT. A LA MECANICA DE LOS FLUIDOS,TIM40
INT. A LA MECANICA DE SUELOS,2207
INT. A LA PREVENCION DE RIESGOS LABORALES,Q16
INT. A LA TEORIA DE LA INFORMACION,1450
INT. A LA TERMODINAMICA,TIM32
INT. A LAS ECUACIONES DIFERENCIALES,1064
INT. A LOS MICROPROCESADORES,1513
INT. A LOS PLC,5910
INT. A LOS SIST. DE INFOR. GEOGRAFICA,1926
INT. A LOS SIST. DE PROT. DE SIST. ELECT. DE POT.,5518
INT. AL ANALISIS RURAL,1611
INT. AL CONTROL INDUSTRIAL,2707
INT. AL DISEÑO Y MONTAJE DE LAS IND.DE PROC.,1214
INT. AL MIDDLEWARE,1948
INT. AL NEGOCIO DEL SOFTWARE,1543
INT. AL PROCESAMIENTO DE LENG. NATURAL,1828
INT. AL SISTEMA CLIMATICO,2258
INT. AL TESTING FUNCIONAL,TI43
INT. AL TRANSPORTE,2510
INTEGRACION DE DATOS,1941
INTERACCION PERSONA COMPUTADORA,1749
INTERNADO DE INGENIERIA BIOMEDICA,5712
INTRODUCCION A LA AUDITORIA DE SISTEMAS DE INFORMACION,PC134
INTRODUCCION A LA AUDITORIA DE SISTEMAS DE INFORMACION,PE361
INTRODUCCION A LA CIENCIA DE DATOS,PA563
INTRODUCCION A LA CORROSION DEL HORMIGON ARMADO,PA761
INTRODUCCION A LA ENERGIA UNDIMOTRIZ,PA278
INTRODUCCION A LA ESTADÍSTICA USANDO SOFTWARE,PA455
INTRODUCCION A LA TEORIA DE LA INFORMACION,PE316
INTRODUCCION A LA TURBULENCIA,PF84
INTRODUCCION A LOS MATERIALES COMPUESTOS,PA482
INTRODUCCION A LOS MERCADOS DE ENERGIA ELECTRICA,PE123
INTRODUCCION A LOS MERCADOS DE ENERGIA ELECTRICA,PE293
INTRODUCCION A LOS PLC`S,PE51
INTRODUCCION A LOS SISTEMAS DE PROTECCION DE SISTEMAS ELECTRICOS DE POTENCIA,PE310
INTRODUCCION AL APRENDIZAJE AUTOMATICO EN LA INGENIERIA DE PROCESOS,PQ75
INTRODUCCION AL DISEÑO DE REACTORES,PA94
INTRODUCCION AL DISEÑO DE REACTORES,AC32
INTRODUCCION AL PROCESAMIENTO DE LENGUAJE NATURAL,PC108
INTRODUCCIÓN A LA CONVERSIÓN ELECTROQUÍMICA DE ENERGÍA,PEN8
INTRODUCCIÓN A LA TEORÍA DE LA INFORMACIÓN,PE032
INTRODUCCIÓN AL APRENDIZAJE PROFUNDO EN CIENCIA E INGENIERÍA,PI203
INVESTIGACION DE OPER.Y GEST. DE RIESGOS,1779
LABORATORIO,Q503
LABORATORIO 3,1140
LABORATORIO CREATIVO (LABC),PA466
LABORATORIO DE MECANICA DE SUELOS,2218
LABORATORIO DE MEDIDAS FISICAS,5857
LABORATORIO DE MEDIDAS FÍSICAS,5862
LABORATORIO DE RESISTENCIA DE MATERIALES,2379
LABORATORIO DE TECNOLOGIA DEL HORMIGON,2321
LEGISLACION TERRITORIAL,TCI22
LIDERANDO EQUIPOS DE DESARROLLO DE SOFTWARE,PA473
LOGICA,1027
MAMPOSTERIA ESTRUCTURAL,2356
MANTENIMIENTO DE BUQUES,2605
MAQUINARIA NAVAL,2603
MAQUINAS ELECTRICAS,TIM71
MAQUINAS ELECTRICAS,5602
MAQUINAS ELECTRICAS,AC39
MAQUINAS PARA FLUIDOS,TIM42
MAQUINAS PARA FLUIDOS I,1856
MAQUINAS PARA FLUIDOS II,1859
MAQUINAS Y EQUIPOS PARA TRANSPORTE,2506
MARCO JURIDICO DE LA SEGURIDAD DE LA INFORMACION,PE363
MARKETING DE TECNOLOGIA E INNOVACION,PA355
MATEMATICA,TI03
MATEMATICA 1,TIM20
MATEMATICA 2,TIM21
MATEMATICA 3,TIM22
MATEMATICA DISCRETA 1,1023
MATEMATICA DISCRETA 2,1026
MATEMATICA DISCRETA Y LOGICA 1,TI02
MATEMATICA DISCRETA Y LOGICA 2,TI07
MATEMATICA INICIAL,MI2
MATERIALES COMPUESTOS,1727
MATERIALES Y ENSAYOS,1508
MECANICA APLICADA (ING.QUÍM),Q73
MECANICA DE LOS FLUIDOS,1226
MECANICA DE LOS FLUIDOS COMPUTACIONAL,PA677
MECANICA DE PAVIMENTOS,PES15
MECANICA DEL TRANSPORTE DE SEDIMENTOS,1870
MECANICA ESTRUCTURAL,2381
MECANICA NEWTONIANA,1122
MEDIDAS ELECTRICAS,1461
MEDIDAS ELECTRICAS EN INGENIERIA DE PROCESOS,Q198
MET. COMPUT.APLIC.AL CALCULO ESTRUCTURAL,2380
METALURGIA DE TRANSFORMACION,TIM54
METALURGIA DE TRANSFORMACION,1724
METALURGIA FISICA,TIM51
METALURGIA FISICA,1719
METODO DE GESTION DE PROYECTOS,PG34
METODOLOGIA PARA EL ANALISIS FORENSE INFORMATICO,PA97
METODOLOGIAS DE INVESTIGACION Y REDACCION DE TESIS Y ARTICULOS CIENTIFICOS,PA323
METODOS DE ACUSTICA AMBIENTAL,PA028
METODOS DE DESCOMPOSICION DE DOMINIOS,PES16
METODOS DE GESTION DE PROYECTOS,PC21
METODOS MONTECARLO,1057
METODOS NUMERICOS,1033
METODOS PARA EL ANALISIS EXPERIMENTAL DE ESTRUCTURAS,PA456
MICROBIOLOGIA AMBIENTAL,PF32
MICROBIOLOGIA AMBIENTAL,PQ01
MINERIA DE PROCESOS DE NEGOCIO: FUNDAMENTOS Y APLICACIONES,PC342
MOD. DE PRACT. EN ING. DE LOS PROC. QUIM. Y BIOL.,Q13
MOD. DE PRACT. EN ING. DE LOS PROC. QUIM.2,Q18
MODELACION NUMERICA DE FLUJOS NATURALES A SUPERFICIE LIBRE,PA483
MODELADO DE PROCESOS CON APLICACIONES EN REACTORES BIOLOGICOS,PQ09
MODELADO DE SIST. MEC. EMPLEANDO EL MET. DE LOS ELEM. FINITOS,1873
MODELADO DE SISTEMAS MECANICOS EMPLEANDO EL METODO DE LOS ELEMENTOS FINITOS,PA557
MODELADO Y OPTIMIZACION,PM86
MODELADO Y OPTIMIZACION,1624
MODELADO Y PROCESAMIENTO DE GRANDES VOLUMENES DE DATOS,PA526
MODELOS COMB. DE CONFIABILIDAD EN REDES,1636
MODELOS DE VISION PARA NUEVAS TECNOLOGIAS DE CAMARAS Y PANTALLAS,PA595
MODELOS ESTADISTICOS PARA CLASIF. Y REGRESION,1868
MODELOS NUMERICOS DE MESOESCALA APLICADOS A INGENIERIA,PA559
MODELOS PROBABILISTICOS EN INGENIERIA,1869
MODULO DE ACUSTICA,1139
MODULO DE EXTENSION,1201
MODULO DE EXTENSION 2,1208
MODULO DE EXTENSION 4,1209
MODULO DE EXTENSION- INGENIERIA MECANICA,2032
MODULO DE INVESTIGACION,1643
MODULO DE INVESTIGACION,TCI27
MODULO DE INVESTIGACION,1645
MODULO DE INVESTIGACION,1644
MODULO DE TALLER 1,2018
MODULO DE TALLER 2,2020
MODULO DE TALLER 3,2021
MODULO DE TALLER 4,2022
MODULO DE TALLER- INGENIERIA MECANICA,2030
MODULO TALLER EXTENSION ING.AMBIENTAL 1,2210
MODULO TALLER EXTENSION ING.AMBIENTAL 2,2211
MORFODINAMICA DE SISTEMAS FLUVIALES Y COSTEROS,1874
MORFODINÁMICA DE SISTEMAS FLUVIALES Y COSTEROS,PA651
MOTORES DE COMB. INT. Y TURBINAS DE GAS,TIM43
MOTORES DE COMBUSTION INTERNA,1818
MULTIMEDIA SOBRE IP,1557
MULTIMEDIA SOBRE IP,PA312
MÉTODOS DE ANÁLISIS ESPACIAL APLICADOS A LA AVALUACIÓN INMOBILIARIA,EP21
MÉTODOS DE GESTIÓN DE PROYECTOS,PG32
MÉTODOS EFICI. DE SIMUL. PARA LA ESTIM. DE CONFIA. DE REDES,1897
MÉTODOS EFICIENTES DE SIMULACIÓN PARA LA ESTIMACIÓN DE CONFIABILIDAD DE REDES,PC148
MÉTODOS MATEMÁTICOS APLICADOS A INGENIERÍA DE PROCESOS,PQ72
MÓDULO DE EXTENSIÓN,2120
NUEVOS MAT COMPONENTES EN LA PROD DE HORMIGONES CON ENFOQUE PRES Y SOST,PES17
NUTRICION Y DIETETICA INDUSTRIAL,PA672
OBRAS HIDRAULICAS,2396
OPTICA,1129
OPTIMIZACION APLICADA,PA527
OPTIMIZACION BAJO INCERTIDUMBRE,1632
OPTIMIZACION CON APLICACION A LA PLANIFICACION CON INCERTIDUMBRE,PA93
OPTIMIZACION CONTINUA Y APLICACIONES,1640
OPTIMIZACION DE PROBLEMAS DE PRODUCCION,2037
OPTIMIZACION TERMODINAMICA DE MAQUINAS TERMICAS,PE336
OPTIMIZACIÓN BAJO INCERTIDUMBRE,PC111
OPTIMIZACIÓN CONTINUA Y APLICACIONES (OCA),PA650
ORDENAMIENTO TERRITORIAL 1,2388
ORDENAMIENTO TERRITORIAL 2,2412
PASANTIA,2060
PASANTIA,2098
PASANTIA,TCI21
PASANTIA,TIM80
PASANTIA,2002
PASANTIA (AGRIMENSURA),2112
PASANTIA (CIVIL),2450
PASANTIA (COMPUTACION),1731
PASANTIA (ELECTRICA),2011
PASANTIA LABORAL,TI21
PASANTIA-TRABAJO EXPERIM. MOD.1 BASICO,Q82
PASANTIA-TRABAJO EXPERIM. MOD.2,Q83
"PASANTIA-TRABAJO PRACTICO DE GRADO,MOD.1",A88
PATOLOGIA DE LAS ESTRUCTURAS,2389
PATOLOGIAS Y DURABILIDAD DE ESTRUCTURAS DE HORMIGON,PA618
PENSAMIENTO SISTEMICO,PG13
PENSAMIENTO SISTEMICO,PA681
PETROGRAFIA EN HORMIGON Y SU IMP EN LA DETEC DE PATOL. EST. DE REACCION ALC-SIL,PES13
PGT_TD TRANSFORMACION DIGITAL,PA634
PLAN. ESTRAT. Y ESTRATEGIA COMPETITIVA,2391
PLANIFICACION,2242
PLANIFICACION DE CLASES: DISEÑO DE UNID.DIDACT.,1213
PLANIFICACION DE LA EXPANSION DE LA GENERACION DE SISTEMAS ELECTRICOS,PE475
PLANIFICACION DE SISTEMAS DE DISTRIBUCION,PE247
PLANIFICACIÓN DE CLASES: DISEÑO DE UNIDADES DIDÁCTICAS (DUD),EP2
PLASTICIDAD COMPUTACIONAL EN ESTRUCTURAS,PA760
POLITICAS CIENTIFICAS EN INF.Y COMP.,1225
POLITICAS ENERGETICAS,PA640
POTABILIZACION DE AGUAS,1853
PRACTICA DE ADMINISTRACION PARA INGENIEROS,1945
PRINC.Y FUND.DEL PROC.PERS.DE SOFTWARE,1767
PRINCIPIOS DE PROGRAMACION,TI01
PRINCIPIOS DE QUIMICA GENERAL,1620
PROBABILIDAD Y ESTADISTICA,1025
PROBABILIDAD Y ESTADISTICA,TI19
PROCEDIMIENTOS CONST. OBRAS VIALES Y SUELO,2352
PROCEDIMIENTOS CONST.PARA ESTRUCTURAS,1700
PROCESADO DE TERMOPLASTICOS,TIM58
PROCESAMIENTO DE IMAGENES PARA BIOLOGIA Y MEDICINA,5847
PROCESAMIENTO DE RESULTADOS DE VUELOS VANT (VEHÍCULO AÉREO NO TRIPULADO),EP15
PROCESAMIENTO DIGITAL DE SEÑALES DE AUDIO,5839
PROCESAMIENTO DIGITAL SEÑALES DE AUDIO,PE244
PROCESOS CON MEMBRANAS,PQ300
PROCESOS DE LA LINEA DE FIBRA EN PLANTA DE CELULOSA,PA688
PROCESOS FERMENTATIVOS DE LA INDUSTRIA CERVECERA Y VITIVINICOLA,PA607
PROCESOS GAUSSIANOS Y APRENDIZAJE AUTOMATICO,PA554
PROCESOS TERMOQUIMICOS PARA LA OBTENCION DE ENERGIA A PARTIR DE BIOMASA,PA401
PRODUCCION CARTOGRAFICA,TCI23
PRODUCTOS ESTRUCTURALES DE MADERA,PEM01
PRODUCTOS ESTRUCTURALES DE MADERA,AC21
PROFESION EN INGENIERIA DE SOFTWARE,1777
PROGRAMACION 1,1373
PROGRAMACION 2,1321
PROGRAMACION 3,1323
PROGRAMACION 4,1324
PROGRAMACION AVANZADA,TI12
PROGRAMACION DE APLICACIONES,TI16
PROGRAMACION FUNCIONAL,1354
PROGRAMACION FUNCIONAL AVANZADA,1350
PROGRAMACION LOGICA,1340
PROGRAMACION MASIVAMENTE PARALELA EN PROCESADORES GRAFICOS (GPUS),PC213
PROGRAMACION PARA INGENIERIA ELECTRICA,1307
PROGRAMACION PARALELA CON R Y RSTUDIO,PM180
PROGRAMACIÓN MASIVAMENTE PARALELA EN PROCESADORES GRÁFICOS (GPUS),1898
PROPAGACION EN ENTORNOS URBANOS,5821
PROPAGACION EN ENTORNOS URBANOS,PE48
PROPAGACION EN ENTORNOS URBANOS,PE501
PROPIEDAD INTELECTUAL,PG35
PROPIEDAD INTELECTUAL,PE254
PROYECTO,2004
PROYECTO,TI27
PROYECTO,2099
PROYECTO,TCI26
PROYECTO (AGRIM.),2110
PROYECTO (ING.ELEC.),2013
PROYECTO (ING.NAVAL),2019
PROYECTO 1 (ING SIST COM.),2061
PROYECTO DE GRADO,1730
PROYECTO DE INGENIERIA DE SOFTWARE,1721
PROYECTO DE INGENIERIA MECANICA,2054
PROYECTO DE INSTALACIONES ELECTRICAS,5504
PROYECTO DE INSTALACIONES ELECTRICAS DE BAJA Y MEDIA TENSION,5511
PROYECTO DE INV.E INNOV.EN ING. ESTRUCT.,2410
PROYECTO DE INVERSION,TIM64
PROYECTO ESTRUCTURAL 2,2406
PROYECTO ESTRUCTURAL ANUAL,2411
"PROYECTO FINAL DEL ""DIPLOMA DE ESPECIALIZ EN DIS., CALC. Y CONST. DE EST. MADERA",PA620
PROYECTO HIDRAULICA-AMBIENTAL,2405
PROYECTO INDUSTRIAL 1,Q80
PROYECTO INDUSTRIAL 2,Q57
PROYECTO TRANSPORTE 1,2400
PROYECTO TRANSPORTE 2,2403
"PROYECTO, PLANIF. Y CONST. DE OBRAS 1",2404
"PROYECTO, PLANIF. Y CONST. DE OBRAS 2",2407
PRUEBAS EN EL PROCESO DE DESARROLLO DE SOFTWARE,PA096
PUENTES,2359
"QUIMICA Y TECNOLOGIA DE CEREALES, DESARROLLO DE PRODUCTOS A BASE DE HARINAS",PA605
RADIACION EN LA ATMOSFERA,PF02
"RECEPCION, INSTALACION Y MANTENIMIENTO DE TRANSFORMADORES",PE159
RECUPERACION DE INF. Y RECOMEND. EN LA WEB (WIR),1938
REDES DE COMPUTADORAS,1446
REDES DE COMPUTADORAS,TI11
REDES DE DATOS 1,5824
REDES DE DATOS 2,5855
REDES DE DATOS 2,PA548
REDES DE SENSORES INALAMBRICOS,1538
REDES DE SENSORES INALAMBRICOS,PA96
REDES DE TRANSPORTE DE ALTA CAPACIDAD,AC43
REDES DE TRANSPORTE DE ALTA CAPACIDAD,5836
REDES ELECTRICAS,5508
REDES ELECTRICAS,PE95
REDES NEURONALES GENERATIVAS PROFUNDAS: FUNDAMENTOS Y RESOLUCION DE PROBLEMAS,PA566
REDES NEURONALES PARA LENGUAJE NATURAL,1887
REDES NEURONALES PARA LENGUAJE NATURAL,PC124
REFRIGERACION,1638
REFRIGERACION INDUSTRIAL,TIM45
REINGENIERIA Y MEJORA CONTINUA,PG11
RELACIONES PERSONALES EN ING. DE SOFT. Y GER. DE PROY.,1758
RELACIONES PERSONALES EN INGENIERIA DE SOFTWARE,PA98
RELACIONES PERSONALES Y LABORALES,TI20
REMOCION DE NUTRIENTES DE AGUAS RESIDUALES,PA590
REOLOGIA DE ALIMENTOS,PA790
REPENSANDO LOS SISTEMAS ALIMENTARIOS,3628
REPENSANDO LOS SISTEMAS ALIMENTARIOS,PA626
REPRESENTACION GRAFICA PARA INDUSTRIAS DE PROC.,1215
RESISTENCIA DE MATERIALES 1,2368
RESISTENCIA DE MATERIALES 2,1312
ROBOTICA BASADA EN COMPORTAMIENTOS,1848
SEGURIDAD DE REDES TCP/IP,PE199
SEGURIDAD DE SISTEMAS INFORMATICOS,PC93
SEGURIDAD DEL HIDROGENO,PQ07
SEGURIDAD EN APLICACIONES,PC97
SEGURIDAD EN LA CONSTRUCCION,2246
SEGURIDAD INDUSTRIAL,TIM65
SEGURIDAD POR DISEÑO Y CMMI,PA225
SEMINARIO DE APRENDIZAJE AUTOMATICO P/ LA PREDICCION GENOMICA,5854
SEMINARIO DE GESTION DE CRISIS,PE408
SEMINARIO DE GESTION DE CRISIS,PG31
SEMINARIO DE INGENIERIA BIOMEDICA,PE104
SEMINARIO DE INGENIERIA BIOMEDICA,PE456
SEMINARIO DE INGENIERIA BIOMEDICA,5705
SEMINARIO DE INICIACION A LA INVESTIGACION,2907
SEMINARIO DE MERCADOS ELECTRICOS,PA033
SEMINARIO DE PROGRAMACION A NIVEL DE TIPOS,PA578
SEMINARIO DE TECNOLOGIAS,PG38
SEMINARIO KHIPU SOBRE APRENDIZAJE AUTOMATICO E INTELIGENCIA ARTIFICIAL,PE031
SEMINARIO SOBRE ENCUENTROS ENTRE ARTE Y TECNOLOGIAS,1236
SEMINARIO SOBRE ENCUENTROS ENTRE ARTE Y TECNOLOGIAS,PE352
SEMINARIO SOBRE ENCUENTROS ENTRE ARTE Y TECNOLOGIAS DE LA INFORMACION,PA599
SEÑALES ALEATORIAS Y MODULACION,1460
SEÑALES Y SISTEMAS,1457
SIMULACION A EVENTOS DISCRETOS,PA324
SIMULACION A EVENTOS DISCRETOS,1617
SIMULACION DE SISTEMAS DE ENERGIA ELECTRICA,PA288
SISTEMAS DE ALMACENAMIENTO DE ENERGIA,PIM01
SISTEMAS DE CONDUCCION EN ING.SANITARIA,1851
SISTEMAS DE CONTROL EN TIEMPO DISCRETO,PE195
SISTEMAS DE CONTROL EN TIEMPO DISCRETO,5906
SISTEMAS DE INFORMACION EN SALUD,1937
SISTEMAS DE INFORMACION GEOGR. AVANZADO,TCI28
SISTEMAS DE INFORMACION GEOGRAFICOS EMPRESARIALES,PE338
SISTEMAS DE INFORMACION PARA EL ANALISIS DE GRANDES VOLUMENES DE DATOS,1781
SISTEMAS DE INFORMACION PARA EL ANALISIS DE GRANDES VOLUMENES DE DATOS,PA575
SISTEMAS DE REFERENCIA,1038
SISTEMAS DE REFERENCIA EN GEODESIA,2414
SISTEMAS EMBEBIDOS PARA TIEMPO REAL,PA529
SISTEMAS EMBEBIDOS PARA TIEMPO REAL,1556
SISTEMAS OLEOHIDRAULICOS Y NEUMATICOS,2200
SISTEMAS OPERATIVOS,TI08
SISTEMAS OPERATIVOS,1537
SISTEMAS Y CONTROL,5905
SOFTWARE DE DISEÑO Y CALCULO DE ESTRUCTURAS DE MADERA,PDE01
SOFTWARE DE DISEÑO Y CALCULO DE ESTRUCTURAS DE MADERA,PA621
SUBESTACIONES EN MEDIA TENSION,5514
SUBESTACIONES EN MEDIA TENSION,AC18
TALLER,2001
TALLER 1: AJUSTE Y MONTAJE,TIM10
TALLER 2: METROLOGÍA,TIM11
TALLER 2:MODEL.CUANT.PARA PROBL.DE PROD.,2033
TALLER 3: MAQUINAS HERRAMIENTAS,TIM12
TALLER 4: MOTORES DE COMBUSTION INTERNA,TIM13
TALLER 4:MEJORA DE LA COMPETITIVIDAD,2035
TALLER 5: SOLDADURA,TIM14
TALLER DE ADM.DE REDES Y SERV.DE COMUNIC,TTR16
TALLER DE ADMINISTRACION PARA INGENIERIA CIVIL,1946
TALLER DE APLICACIONES DE INTERNET RICAS,TI25
TALLER DE APRENDIZAJE AUTOMATICO,5853
TALLER DE APRENDIZAJE AUTOMATICO,5720
TALLER DE BASES DE DATOS NO SQL,TI46
TALLER DE CALIDAD DE DATOS,PA461
TALLER DE CAMBIO ORGANIZACIONAL,PT6
TALLER DE CAMBIO TECNOL.EN INST.FINANC.,TI41
TALLER DE CARTAS GEOGRAFICAS,TCI29
TALLER DE CARTOGRAFIA,TCI20
TALLER DE DATOS ESPAC.Y SIST.DE INF.GEO.,1359
TALLER DE DISEÑO DE PROCESOS,Q196B
"TALLER DE DISEÑO, COM. Y REPRES. GRAFICA",1220
TALLER DE ENERGIA EOLICA,PA360
TALLER DE EVALUACION DE TECNOLOGIAS DE LA INF.,1774
TALLER DE GEST.Y TEC.PROC.NEGOCIO (TBPM),1766
TALLER DE GESTION DE REDES,TTR13
TALLER DE ING.DIRIGIDA POR MODELOS,1770
TALLER DE INGENIERIA CIVIL,2804
TALLER DE INGENIERIA CIVIL,2805
TALLER DE INGENIERIA CIVIL,2803
TALLER DE INGENIERÍA BIOLÓGICA I,LIB49
TALLER DE INGENIERÍA BIOLÓGICA II,LIB10
TALLER DE INICIACION A LOS SISTEMAS CIBER-FISICOS,1888
TALLER DE INTRODUCCION A LA ING. ELECTRICA,5904
TALLER DE LENG.Y TEC.DE LA WEB SEMANTICA,1947
TALLER DE MAQUINAS ELECTRICAS,5603
TALLER DE MINERIA DE PROCESOS DE NEGOCIO,PC152
TALLER DE MINERIA DE PROCESOS DE NEGOCIO (TPM),1876
TALLER DE PENSAMIENTO SISTEMICO,PG22
TALLER DE PLAN Y SEG DE PROY DE SOFTWARE,1778
TALLER DE PLANIFICACION Y SEGUIMIENTO DE PROYECTOS DE SOFTWARE,PA476
TALLER DE PROGRAMACION,1327
TALLER DE PROYECTOS DE INVESTIGACION ACADEMICOS INNOVADORES (TPIAI),PA246
TALLER DE REPRESENTACION Y COMUNICACION GRAFICA_MODULO A,1266
TALLER DE REPRESENTACION Y COMUNICACION GRAFICA_MODULO B,1269
TALLER DE ROBOTICA EDUCATIVA,1780
TALLER DE SEGURIDAD INFORMATICA,1437
TALLER DE SEGURIDAD INFÓRMATICA,1891
TALLER DE SIST. DE INF. GEO. EMPRES.,1776
TALLER DE SIST.DE INF.GEOGRAFICA,TI29
TALLER DE SISTEMAS CIBER-FISICOS,1952
TALLER DE SISTEMAS CIBER-FISICOS,PC129
TALLER DE SISTEMAS CIBER-FÍSICOS,PC170
TALLER DE SISTEMAS DE INFORMAC.JAVA EE,TI24
TALLER DE SISTEMAS DE INFORMACION 1,1751
TALLER DE SISTEMAS DE INFORMACION.NET,TI26
TALLER DE SISTEMAS EMPRESARIALES,1775
TALLER DE TECNICAS DE MEDICION EN HIDROLOGIA E HIDRAULICA,1875A
TALLER DE TESTING DE PERFORMANCE,PA245
TALLER DE TESTING DE PERFORMANCE,PC231
TALLER DE VERIFICACION DEL SOFTWARE,1742
TALLER ENCARARE: CREAR,1216
TALLER ESTUDIO DE LA FISICA DE CELDAS SOLARES (TEFCS),PA730
TALLER FOURIER,1459
TALLER LAB. ELECT. DE POTENCIA,5610
TALLER LAB. ELECT. DE POTENCIA: RECT. E INVER.,5604
TALLER REPR. Y COM. GRAFICA - MODULO_CIVIL,1267
TALLER: HERRAMIENTAS PARA LA INNOVACION,1951
TECNICAS AVANZADAS DE MODELADO Y SIMULACION,PC130
TECNICAS AVANZADAS PARA LA GEST. DE SIST. DE INF.,1933
TECNICAS DE APRENDIZAJE AUTOMATICO,PA439
TECNICAS DE CALIDAD DE SOFTWARE PARA PROYECTOS AGILES Y TRADICIONALES,PA552
TECNICAS DE CALIDAD DE SOFTWARE PARA PROYECTOS AGILES Y TRADICIONALES,PC232
TECNICAS DE DESCOMPOSICION EN PROGRAMACION MATEMATICA,PA292
TECNICAS DE DESCOMPOSICION EN PROGRAMACION MATEMATICA,2398
TECNICAS DE DESCOMPOSICION EN PROGRAMACION MATEMATICA,PC125
TECNICAS DE ENSAYOS DE MATERIALES Y EQUIPAMIENTO EN ALTA TENSION,PE125
TECNICAS DE MEDICION EN HIDROLOGIA E HIDRAULICA,PM184
TECNICAS EXPERIMENTALES DE ULTRASONIDO,P503
TECNICAS PARA EL ESTUDIO DE MATERIALES,PF09
TECNOLOGIA DE LA LECHE Y LOS PRODUCTOS LACTEOS,PA213
TECNOLOGIA DE SERVICIOS AUDIOVISUALES,PA402
TECNOLOGIA DE SERVICIOS AUDIOVISUALES,5851
TECNOLOGIA DEL HORMIGON,2371
TECNOLOGIA Y SERV. INDUSTRIALES 1,Q71
TECNOLOGIA Y SERV. INDUSTRIALES 2,Q100
TECNOLOGIA Y UTILIZACION DE GASES COMBUSTIBLES (TUGC),EP41
TECNOLOGIA Y UTILIZACION DE GASES COMBUSTIBLES (TUGC),AC41
TECNOLOGIA Y UTILIZACION DE GASES COMBUSTIBLES: FUNDAMENTOS,PEN11
TECNOLOGIA Y UTILIZACION DE GASES COMBUSTIBLES: TECNOLOGIA Y APLICACIONES,PEN12
"TECNOLOGIA, OPERACION Y APLICACION DEL ALMACENAMIENTO DE ENERGIA EN SIST. ELECTR",PE520
TECNOLOGIAS ACTUALES EN MOTORES DE COMBUSTION INTERNA,PA513
TECNOLOGIAS DE REDES Y SERVICIOS DE TELECOMUNICACIONES,5866
TECNOLOGIAS DE REDES Y SERVICIOS DE TELECOMUNICACIONES,5856
TECNOLOGIAS DE REVALORIZACION DE RESIDUOS Y SUBPRODUCTOS AGROALIMENTARIOS,PA609
TECNOLOGIAS PARA LA INTERNET DE LAS COSAS,PE502
TEMAS AVANZADOS EN SISTEMAS INALAMBRICOS (TASI),PA027
TEORIA DE CIRCUITOS,1456
TEORIA DE CODIGOS AVANZADO,1011
TEORIA DE COMBUSTION,PM73
TEORIA DE ERRORES 1,1521
TEORIA DE ERRORES 2,1522
TEORIA DE INSTRUMENTAL,1526
TEORIA DE JUEGOS EVOLUTIVOS,PA587
TEORIA DE LENGUAJES,1325
TEORIA DE LOS CIRCUITOS,LIB55
TEORIA DE MAQUINAS Y MECANISMOS,1722
TEORIA DE RESTRICCIONES,1927
TEORIA DEL BUQUE,2604
TEORIA Y ALGORITMIA DE OPTIMIZACION,PA318
"TEORIA, ALGORIT. Y APLIC. DE GEST. LOGIS",1633
TERMODINAMICA APL. A LA ING.DE PROCESOS,Q21
TIEMPOS Y METODOS,2038
TOPICOS AVANZADOS DE PUENTES,PES12
TOPICOS DE DESHIDRATACION EN LA INDUSTRIA ALIMENTARIA,PA463
TOPICOS DE ECONOMIA DE LA INNOVACION,PG10
TOPICOS EN CART Y EN RANDOM FOREST,PA531
TOPOGRAFIA 1,1527
TOPOGRAFIA 2,1509
TOPOGRAFIA 3,1524
TOPOGRAFIA PLANIMETRICA,1465
TOPOLOGIA Y ANALISIS REAL,1886
TOPOLOGIA Y ANALISIS REAL,PA243
TOXICOLOGIA AMBIENTAL,PA22
TOXICOLOGÍA AMBIENTAL,PA01
TRANSFERENCIA DE CALOR,TIM41
TRANSFERENCIA DE CALOR 1,1823
TRANSFERENCIA DE CALOR 2,1824
TRANSFERENCIA DE CALOR Y MASA 1,Q74
TRANSFERENCIA DE CALOR Y MASA 2,Q68
TRANSFORMACION MECANICA DE LA MADERA,PA665
TRANSFORMADORES DE MEDIDA Y PROTECCION,PA440
TRANSITORIOS ELECTROMAGNETICOS EN SISTEMAS DE POTENCIA,PA280
TRANSITORIOS HIDRAULICOS EN TUBERIAS A PRESION,PMF4
TRANSPORTE AEREO,2508
TRANSPORTE DE ENERGIA ELECTRICA,AC10
TRANSPORTE DE ENERGIA ELECTRICA,5520
TRANSPORTE DE SUSTANCIAS EN FLUJOS A SUPERFICIE LIBRE,1879
TRANSPORTE DE SUSTANCIAS EN FLUJOS A SUPERFICIE LIBRE,PA082
TRANSPORTE DE SUSTANCIAS EN FLUJOS A SUPERFICIE LIBRE,PA015
TRANSPORTE FERROVIARIO,2505
TRANSPORTE FLUVIAL Y MARITIMO,2507
TRANSPORTE INDUSTRIAL,1729
TRANSPORTE POR CARRETERA,2504
TRANSPORTE URBANO,2511
TRATAMIENTO BIOLOGICO DE EFLUENTES Y RESID.SOLIDOS,Q56
TRATAMIENTO DE EFLUENTES,2316
TRATAMIENTO DE EFLUENTES Y RESIDUOS SOLIDOS,Q104
TRATAMIENTO DE IMAGENES POR COMPUTADORA,5828
TRATAMIENTO DE IMAGENES POR COMPUTADORA,PE57
TRATAMIENTO DE IMAGENES POR COMPUTADORA,PE457
TUTORIAS ENTRE PARES 1,2216
TUTORIAS ENTRE PARES 2,2217
TUTORIAS ENTRE PARES ACADEMICAS PROGRESA/FING,5005
TÉCNICAS Y GESTIÓN DE LAS PRUEBAS DE SOFTWARE,PC123
TÓPICO DE SEPARACIÓN EN INGENIERÍA DE PROCESOS,PQ010
TÓPICOS DE ECONOMÍA DE LA INNOVACIÓN,PG02
VALORIZACION DE RESIDUOS DE INDUSTR. AGRIC. Y FORESTALES: HACIA UNA ECON. CIRCUL,PA561
VARIABILIDAD EN PROCESOS DE NEGOCIO: FAMILIAS Y MINERIA DE PROCESOS,PC127
"VEHICULOS HIBRIDOS, ELECTRICOS Y A HIDROGENO",PA567
VIBRACIONES Y ONDAS,1144
VIDA UTIL DE ALIMENTOS,PA608
VISUALIZACION CIENTIFICA,PA480
VISUALIZACIÓN DE DATOS,PC04
